,Name,Load,Slope,Average Trip Velocity,Litres * Km,Water ration * Km,Distance to Water Achievable,Total Round trip Distance Achievable,Load Velocity [kg * m/s],Loaded Velocity,Unloaded Velocity,Hours Collecting Water Max,Hours Spent Collecting Single Person Water
0,Bicycle,40.0,0.0,5.573498248526942,6420.669982303036,428.04466548686906,80.25837477878795,160.5167495575759,222.93992994107768,5.426987505150847,4.3,8,0.018689638360287922
1,Cycle Rickshaw,188.0,0.0,3.8393207953330895,20787.61851425148,1385.841234283432,55.28621945279649,110.57243890559297,721.7923095226208,2.8145557985023926,4.3,8,0.005772667028583912
2,Roller skates,10.0,0.0,5.231945203606999,1506.800218638816,100.4533479092544,75.3400109319408,150.6800218638816,52.31945203606999,5.16011622538005,3.6,8,0.07963895844692886
3,Scooter,20.0,0.0,5.172363270410172,2979.2812437562593,198.61874958375063,74.48203109390649,148.96406218781297,103.44726540820345,5.029396293667539,4.0,8,0.0402781712037044
4,Skateboard,20.0,0.0,5.189520814320271,2989.1639890484753,199.27759926989836,74.72909972621189,149.45819945242377,103.79041628640542,5.046360866601587,4.0,8,0.04014500390063878
